facet_id,facet_name,domain,evaluation_question,scale_min,scale_max,scale_labels,reverse_scored,weight,requires_context,multi_turn,notes
LQ001,Grammatical Correctness,linguistic_quality,Is the text free of grammatical errors?,1,5,"1=Very Poor, 2=Poor, 3=Moderate, 4=Good, 5=Excellent",False,1.06,False,False,
LQ002,Spelling Accuracy,linguistic_quality,Are all words spelled correctly?,1,5,"1=Very Poor, 2=Poor, 3=Moderate, 4=Good, 5=Excellent",False,0.81,False,False,
LQ003,Punctuation Appropriateness,linguistic_quality,Is punctuation used correctly and appropriately?,1,5,"1=Very Poor, 2=Poor, 3=Moderate, 4=Good, 5=Excellent",False,0.91,False,False,
LQ004,Sentence Fluency,linguistic_quality,Do sentences flow naturally and smoothly?,1,5,"1=Very Poor, 2=Poor, 3=Moderate, 4=Good, 5=Excellent",False,0.89,False,False,
LQ005,Vocabulary Richness,linguistic_quality,Is the vocabulary varied and appropriately rich?,1,5,"1=Very Poor, 2=Poor, 3=Moderate, 4=Good, 5=Excellent",False,1.09,False,False,
LQ006,Lexical Precision,linguistic_quality,Are word choices precise and contextually accurate?,1,5,"1=Very Poor, 2=Poor, 3=Moderate, 4=Good, 5=Excellent",False,1.07,False,False,
LQ007,Syntactic Complexity,linguistic_quality,Is syntactic structure appropriately complex for the context?,1,5,"1=Very Poor, 2=Poor, 3=Moderate, 4=Good, 5=Excellent",False,1.16,False,False,
LQ008,Morphological Accuracy,linguistic_quality,"Are morphological forms (plurals, tenses) used correctly?",1,5,"1=Very Poor, 2=Poor, 3=Moderate, 4=Good, 5=Excellent",False,0.83,False,False,
LQ009,Discourse Coherence,linguistic_quality,Does the text maintain coherence across sentences?,1,5,"1=Very Poor, 2=Poor, 3=Moderate, 4=Good, 5=Excellent",False,0.97,False,False,
LQ010,Cohesion Devices,linguistic_quality,"Are cohesive devices (connectors, pronouns) used effectively?",1,5,"1=Very Poor, 2=Poor, 3=Moderate, 4=Good, 5=Excellent",False,0.81,False,False,
LQ011,Register Consistency,linguistic_quality,Is the register (formal/informal) consistent throughout?,1,5,"1=Very Poor, 2=Poor, 3=Moderate, 4=Good, 5=Excellent",False,0.89,False,False,
LQ012,Clause Structure,linguistic_quality,Are subordinate and coordinate clauses well-structured?,1,5,"1=Very Poor, 2=Poor, 3=Moderate, 4=Good, 5=Excellent",False,1.0,False,False,
LQ013,Anaphora Resolution,linguistic_quality,Are pronouns and references clearly resolvable?,1,5,"1=Very Poor, 2=Poor, 3=Moderate, 4=Good, 5=Excellent",False,0.81,False,False,
LQ014,Redundancy Avoidance,linguistic_quality,Does the text avoid unnecessary repetition?,1,5,"1=Very Poor, 2=Poor, 3=Moderate, 4=Good, 5=Excellent",False,0.88,False,False,
LQ015,Sentence Length Variety,linguistic_quality,Is sentence length appropriately varied?,1,5,"1=Very Poor, 2=Poor, 3=Moderate, 4=Good, 5=Excellent",False,1.06,False,False,
LQ016,Active vs Passive Voice,linguistic_quality,Is voice (active/passive) used appropriately?,1,5,"1=Very Poor, 2=Poor, 3=Moderate, 4=Good, 5=Excellent",False,1.02,False,False,
LQ017,Tense Consistency,linguistic_quality,Are tenses used consistently and correctly?,1,5,"1=Very Poor, 2=Poor, 3=Moderate, 4=Good, 5=Excellent",False,0.89,False,False,
LQ018,Article Usage,linguistic_quality,Are articles (a/an/the) used correctly?,1,5,"1=Very Poor, 2=Poor, 3=Moderate, 4=Good, 5=Excellent",False,1.04,False,False,
LQ019,Preposition Accuracy,linguistic_quality,Are prepositions used correctly?,1,5,"1=Very Poor, 2=Poor, 3=Moderate, 4=Good, 5=Excellent",False,1.12,False,False,
LQ020,Idiom Appropriateness,linguistic_quality,Are idioms and fixed expressions used appropriately?,1,5,"1=Very Poor, 2=Poor, 3=Moderate, 4=Good, 5=Excellent",False,0.8,False,False,
LQ021,Collocational Accuracy,linguistic_quality,Are word collocations natural and accurate?,1,5,"1=Very Poor, 2=Poor, 3=Moderate, 4=Good, 5=Excellent",False,1.12,False,False,
LQ022,Nominal Group Complexity,linguistic_quality,Are noun phrases appropriately complex?,1,5,"1=Very Poor, 2=Poor, 3=Moderate, 4=Good, 5=Excellent",False,1.08,False,False,
LQ023,Verbal Group Accuracy,linguistic_quality,Are verb groups formed correctly?,1,5,"1=Very Poor, 2=Poor, 3=Moderate, 4=Good, 5=Excellent",False,0.94,False,False,
LQ024,Discourse Markers,linguistic_quality,Are discourse markers used effectively?,1,5,"1=Very Poor, 2=Poor, 3=Moderate, 4=Good, 5=Excellent",False,0.86,False,False,
LQ025,Sentence Completeness,linguistic_quality,Are all sentences complete with subject and predicate?,1,5,"1=Very Poor, 2=Poor, 3=Moderate, 4=Good, 5=Excellent",False,1.18,False,False,
LQ026,Parallelism,linguistic_quality,Are parallel structures maintained in lists and comparisons?,1,5,"1=Very Poor, 2=Poor, 3=Moderate, 4=Good, 5=Excellent",False,0.93,False,False,
LQ027,Modifier Placement,linguistic_quality,Are modifiers placed correctly to avoid ambiguity?,1,5,"1=Very Poor, 2=Poor, 3=Moderate, 4=Good, 5=Excellent",False,0.84,False,False,
LQ028,Subject-Verb Agreement,linguistic_quality,Do subjects and verbs agree in number?,1,5,"1=Very Poor, 2=Poor, 3=Moderate, 4=Good, 5=Excellent",False,0.84,False,False,
LQ029,Pronoun-Antecedent Agreement,linguistic_quality,Do pronouns agree with their antecedents?,1,5,"1=Very Poor, 2=Poor, 3=Moderate, 4=Good, 5=Excellent",False,1.14,False,False,
LQ030,Conjunction Usage,linguistic_quality,Are conjunctions used correctly and appropriately?,1,5,"1=Very Poor, 2=Poor, 3=Moderate, 4=Good, 5=Excellent",False,1.04,False,False,
LQ031,Negation Accuracy,linguistic_quality,Is negation expressed correctly?,1,5,"1=Very Poor, 2=Poor, 3=Moderate, 4=Good, 5=Excellent",False,1.12,False,False,
LQ032,Comparative/Superlative Forms,linguistic_quality,Are comparative and superlative forms used correctly?,1,5,"1=Very Poor, 2=Poor, 3=Moderate, 4=Good, 5=Excellent",False,1.09,False,False,
LQ033,Conditional Structures,linguistic_quality,Are conditional sentences formed correctly?,1,5,"1=Very Poor, 2=Poor, 3=Moderate, 4=Good, 5=Excellent",False,1.01,False,False,
LQ034,Relative Clause Usage,linguistic_quality,Are relative clauses formed and attached correctly?,1,5,"1=Very Poor, 2=Poor, 3=Moderate, 4=Good, 5=Excellent",False,1.19,False,False,
LQ035,Gerund vs Infinitive,linguistic_quality,Are gerunds and infinitives used in appropriate contexts?,1,5,"1=Very Poor, 2=Poor, 3=Moderate, 4=Good, 5=Excellent",False,0.95,False,False,
LQ036,Modal Verb Usage,linguistic_quality,Are modal verbs used with appropriate epistemic/deontic force?,1,5,"1=Very Poor, 2=Poor, 3=Moderate, 4=Good, 5=Excellent",False,1.02,False,False,
LQ037,Ellipsis Appropriateness,linguistic_quality,Is ellipsis used naturally without losing meaning?,1,5,"1=Very Poor, 2=Poor, 3=Moderate, 4=Good, 5=Excellent",False,1.13,False,False,
LQ038,Reported Speech Accuracy,linguistic_quality,Is reported speech constructed correctly when present?,1,5,"1=Very Poor, 2=Poor, 3=Moderate, 4=Good, 5=Excellent",False,1.05,False,False,
LQ039,Hedging Language,linguistic_quality,"Is hedging language (seems, appears, might) used appropriately?",1,5,"1=Very Poor, 2=Poor, 3=Moderate, 4=Good, 5=Excellent",False,1.14,False,False,
LQ040,Technical Term Accuracy,linguistic_quality,Are domain-specific terms used accurately?,1,5,"1=Very Poor, 2=Poor, 3=Moderate, 4=Good, 5=Excellent",False,1.03,False,False,
LQ041,Nominalization,linguistic_quality,Is nominalization used appropriately for the register?,1,5,"1=Very Poor, 2=Poor, 3=Moderate, 4=Good, 5=Excellent",False,1.08,False,False,
LQ042,Abbreviation Clarity,linguistic_quality,Are abbreviations defined and used clearly?,1,5,"1=Very Poor, 2=Poor, 3=Moderate, 4=Good, 5=Excellent",False,0.82,False,False,
LQ043,Number/Quantity Expression,linguistic_quality,Are numbers and quantities expressed appropriately?,1,5,"1=Very Poor, 2=Poor, 3=Moderate, 4=Good, 5=Excellent",False,0.89,False,False,
LQ044,List Formatting,linguistic_quality,Are lists formatted consistently and correctly?,1,5,"1=Very Poor, 2=Poor, 3=Moderate, 4=Good, 5=Excellent",False,0.92,False,False,
LQ045,Capitalization,linguistic_quality,Is capitalization used correctly?,1,5,"1=Very Poor, 2=Poor, 3=Moderate, 4=Good, 5=Excellent",False,0.83,False,False,
LQ046,Transitional Phrases,linguistic_quality,Are transitional phrases used to guide the reader?,1,5,"1=Very Poor, 2=Poor, 3=Moderate, 4=Good, 5=Excellent",False,0.89,False,False,
LQ047,Clarity of Expression,linguistic_quality,Is the expression clear and unambiguous?,1,5,"1=Very Poor, 2=Poor, 3=Moderate, 4=Good, 5=Excellent",False,0.84,False,False,
LQ048,Conciseness,linguistic_quality,Is the text concise without sacrificing meaning?,1,5,"1=Very Poor, 2=Poor, 3=Moderate, 4=Good, 5=Excellent",False,0.91,False,False,
LQ049,Completeness of Information,linguistic_quality,Is all necessary information included?,1,5,"1=Very Poor, 2=Poor, 3=Moderate, 4=Good, 5=Excellent",False,1.05,False,False,
LQ050,Overall Linguistic Quality,linguistic_quality,What is the overall linguistic quality of the turn?,1,5,"1=Very Poor, 2=Poor, 3=Moderate, 4=Good, 5=Excellent",False,0.95,False,False,
LQ051,Lexical Diversity,linguistic_quality,Is there appropriate lexical diversity (Type-Token Ratio)?,1,5,"1=Very Poor, 2=Poor, 3=Moderate, 4=Good, 5=Excellent",False,0.95,False,False,
LQ052,Sentence Boundary Accuracy,linguistic_quality,Are sentence boundaries marked correctly?,1,5,"1=Very Poor, 2=Poor, 3=Moderate, 4=Good, 5=Excellent",False,0.88,False,False,
LQ053,Discourse Structure,linguistic_quality,Is the discourse structure logical and clear?,1,5,"1=Very Poor, 2=Poor, 3=Moderate, 4=Good, 5=Excellent",False,0.91,False,False,
LQ054,Topicality,linguistic_quality,Does the response stay on the relevant topic?,1,5,"1=Very Poor, 2=Poor, 3=Moderate, 4=Good, 5=Excellent",False,1.17,False,False,
LQ055,Information Density,linguistic_quality,Is information density appropriate for the register?,1,5,"1=Very Poor, 2=Poor, 3=Moderate, 4=Good, 5=Excellent",False,1.06,False,False,
LQ056,Subordination Accuracy,linguistic_quality,Are subordinate clauses correctly formed and attached?,1,5,"1=Very Poor, 2=Poor, 3=Moderate, 4=Good, 5=Excellent",False,1.04,False,False,
LQ057,Coordination Accuracy,linguistic_quality,Are coordinate structures correctly formed?,1,5,"1=Very Poor, 2=Poor, 3=Moderate, 4=Good, 5=Excellent",False,0.87,False,False,
LQ058,Cleft Sentence Usage,linguistic_quality,Are cleft sentences (It is X that...) used appropriately?,1,5,"1=Very Poor, 2=Poor, 3=Moderate, 4=Good, 5=Excellent",False,1.09,False,False,
LQ059,Existential Sentence Usage,linguistic_quality,Are existential constructions (There is/are) used correctly?,1,5,"1=Very Poor, 2=Poor, 3=Moderate, 4=Good, 5=Excellent",False,0.87,False,False,
LQ060,Wh-Question Formation,linguistic_quality,Are wh-questions formed correctly?,1,5,"1=Very Poor, 2=Poor, 3=Moderate, 4=Good, 5=Excellent",False,0.95,False,False,
LQ061,Yes/No Question Formation,linguistic_quality,Are yes/no questions formed correctly?,1,5,"1=Very Poor, 2=Poor, 3=Moderate, 4=Good, 5=Excellent",False,1.2,False,False,
LQ062,Indirect Question Accuracy,linguistic_quality,Are indirect questions formed correctly?,1,5,"1=Very Poor, 2=Poor, 3=Moderate, 4=Good, 5=Excellent",False,1.06,False,False,
LQ063,Tag Question Usage,linguistic_quality,Are tag questions formed and used appropriately?,1,5,"1=Very Poor, 2=Poor, 3=Moderate, 4=Good, 5=Excellent",False,1.02,False,False,
LQ064,Exclamation Appropriateness,linguistic_quality,Are exclamations used appropriately?,1,5,"1=Very Poor, 2=Poor, 3=Moderate, 4=Good, 5=Excellent",False,1.07,False,False,
LQ065,Quotation Marking,linguistic_quality,Are quotations marked correctly?,1,5,"1=Very Poor, 2=Poor, 3=Moderate, 4=Good, 5=Excellent",False,1.14,False,False,
LQ066,Parenthetical Usage,linguistic_quality,Are parentheticals used appropriately?,1,5,"1=Very Poor, 2=Poor, 3=Moderate, 4=Good, 5=Excellent",False,1.11,False,False,
LQ067,Apposition Usage,linguistic_quality,Are appositions (renaming noun phrases) used correctly?,1,5,"1=Very Poor, 2=Poor, 3=Moderate, 4=Good, 5=Excellent",False,0.89,False,False,
LQ068,Cohort Reference,linguistic_quality,Are group or collective references clear?,1,5,"1=Very Poor, 2=Poor, 3=Moderate, 4=Good, 5=Excellent",False,0.81,False,False,
LQ069,Deixis Resolution,linguistic_quality,Are deictic references (this/that/here/now) resolvable?,1,5,"1=Very Poor, 2=Poor, 3=Moderate, 4=Good, 5=Excellent",False,0.93,False,False,
LQ070,Text Segmentation,linguistic_quality,Is the text appropriately segmented into paragraphs?,1,5,"1=Very Poor, 2=Poor, 3=Moderate, 4=Good, 5=Excellent",False,0.91,False,False,
LQ071,Heading Usage,linguistic_quality,Are headings or section markers used appropriately if needed?,1,5,"1=Very Poor, 2=Poor, 3=Moderate, 4=Good, 5=Excellent",False,0.88,False,False,
LQ072,Bullet/List Appropriateness,linguistic_quality,Are bullet points or lists used when appropriate?,1,5,"1=Very Poor, 2=Poor, 3=Moderate, 4=Good, 5=Excellent",False,1.18,False,False,
LQ073,Code/Technical Block Usage,linguistic_quality,Are code blocks used appropriately for technical content?,1,5,"1=Very Poor, 2=Poor, 3=Moderate, 4=Good, 5=Excellent",False,1.15,False,False,
LQ074,Hyperlink Appropriateness,linguistic_quality,Are hyperlinks or references cited appropriately?,1,5,"1=Very Poor, 2=Poor, 3=Moderate, 4=Good, 5=Excellent",False,0.93,False,False,
LQ075,Footnote/Endnote Usage,linguistic_quality,Are footnotes or endnotes used when appropriate?,1,5,"1=Very Poor, 2=Poor, 3=Moderate, 4=Good, 5=Excellent",False,1.06,False,False,
PR001,Speech Act Identification,pragmatics,"Is the speech act (assertion, question, request, etc.) clear?",1,5,"1=Very Poor, 2=Poor, 3=Moderate, 4=Good, 5=Excellent",False,0.96,True,True,
PR002,Illocutionary Force,pragmatics,Does the utterance achieve its intended illocutionary force?,1,5,"1=Very Poor, 2=Poor, 3=Moderate, 4=Good, 5=Excellent",False,1.17,True,True,
PR003,Perlocutionary Effect,pragmatics,Is the perlocutionary effect aligned with intention?,1,5,"1=Very Poor, 2=Poor, 3=Moderate, 4=Good, 5=Excellent",False,0.98,True,True,
PR004,Relevance,pragmatics,Is the response relevant to the preceding turn?,1,5,"1=Very Poor, 2=Poor, 3=Moderate, 4=Good, 5=Excellent",False,0.91,True,True,
PR005,Informativeness,pragmatics,Does the response provide the right amount of information?,1,5,"1=Very Poor, 2=Poor, 3=Moderate, 4=Good, 5=Excellent",False,0.9,True,True,
PR006,Grice's Maxim of Quantity,pragmatics,Does the response observe the maxim of quantity?,1,5,"1=Very Poor, 2=Poor, 3=Moderate, 4=Good, 5=Excellent",False,1.02,True,True,
PR007,Grice's Maxim of Quality,pragmatics,Does the response observe the maxim of quality (truthfulness)?,1,5,"1=Very Poor, 2=Poor, 3=Moderate, 4=Good, 5=Excellent",False,0.91,True,True,
PR008,Grice's Maxim of Relation,pragmatics,Does the response observe the maxim of relevance?,1,5,"1=Very Poor, 2=Poor, 3=Moderate, 4=Good, 5=Excellent",False,1.03,True,True,
PR009,Grice's Maxim of Manner,pragmatics,Does the response observe the maxim of manner (clarity)?,1,5,"1=Very Poor, 2=Poor, 3=Moderate, 4=Good, 5=Excellent",False,1.16,True,True,
PR010,Implicature Handling,pragmatics,Are conversational implicatures handled correctly?,1,5,"1=Very Poor, 2=Poor, 3=Moderate, 4=Good, 5=Excellent",False,0.96,True,True,
PR011,Presupposition Management,pragmatics,Are presuppositions handled appropriately?,1,5,"1=Very Poor, 2=Poor, 3=Moderate, 4=Good, 5=Excellent",False,0.89,True,True,
PR012,Reference Resolution,pragmatics,Are referring expressions resolved correctly?,1,5,"1=Very Poor, 2=Poor, 3=Moderate, 4=Good, 5=Excellent",False,1.2,True,True,
PR013,Context Tracking,pragmatics,Is the conversational context tracked accurately?,1,5,"1=Very Poor, 2=Poor, 3=Moderate, 4=Good, 5=Excellent",False,1.0,True,True,
PR014,Topic Management,pragmatics,Is topic management handled appropriately?,1,5,"1=Very Poor, 2=Poor, 3=Moderate, 4=Good, 5=Excellent",False,0.84,True,True,
PR015,Turn-Taking Signals,pragmatics,Are turn-taking signals present and appropriate?,1,5,"1=Very Poor, 2=Poor, 3=Moderate, 4=Good, 5=Excellent",False,0.82,True,True,
PR016,Adjacency Pair Completion,pragmatics,"Are adjacency pairs (Q&A, greeting-greeting) completed?",1,5,"1=Very Poor, 2=Poor, 3=Moderate, 4=Good, 5=Excellent",False,0.84,True,True,
PR017,Repair Initiation,pragmatics,Is repair initiated when there is a misunderstanding?,1,5,"1=Very Poor, 2=Poor, 3=Moderate, 4=Good, 5=Excellent",False,1.05,True,True,
PR018,Clarification Requests,pragmatics,Are clarification requests appropriate and well-formed?,1,5,"1=Very Poor, 2=Poor, 3=Moderate, 4=Good, 5=Excellent",False,1.12,True,True,
PR019,Acknowledgment Tokens,pragmatics,"Are acknowledgment tokens (ok, I see) used appropriately?",1,5,"1=Very Poor, 2=Poor, 3=Moderate, 4=Good, 5=Excellent",False,0.97,True,True,
PR020,Backchanneling,pragmatics,"Are backchannels (mm-hmm, right) used appropriately?",1,5,"1=Very Poor, 2=Poor, 3=Moderate, 4=Good, 5=Excellent",False,0.83,True,True,
PR021,Face-Threatening Act Management,pragmatics,Are face-threatening acts (FTAs) managed appropriately?,1,5,"1=Very Poor, 2=Poor, 3=Moderate, 4=Good, 5=Excellent",False,0.95,True,True,
PR022,Politeness Strategy,pragmatics,Is the appropriate politeness strategy (positive/negative) used?,1,5,"1=Very Poor, 2=Poor, 3=Moderate, 4=Good, 5=Excellent",False,1.2,True,True,
PR023,Indirectness Level,pragmatics,Is the level of indirectness appropriate for the context?,1,5,"1=Very Poor, 2=Poor, 3=Moderate, 4=Good, 5=Excellent",False,1.01,True,True,
PR024,Hedge Calibration,pragmatics,Are hedges calibrated appropriately to epistemic state?,1,5,"1=Very Poor, 2=Poor, 3=Moderate, 4=Good, 5=Excellent",False,1.19,True,True,
PR025,Discourse Purpose Alignment,pragmatics,Is the discourse purpose aligned with the conversation goal?,1,5,"1=Very Poor, 2=Poor, 3=Moderate, 4=Good, 5=Excellent",False,1.14,True,True,
PR026,Inference Drawing,pragmatics,Are appropriate inferences drawn from prior turns?,1,5,"1=Very Poor, 2=Poor, 3=Moderate, 4=Good, 5=Excellent",False,0.8,True,True,
PR027,Common Ground Management,pragmatics,Is common ground (shared knowledge) managed appropriately?,1,5,"1=Very Poor, 2=Poor, 3=Moderate, 4=Good, 5=Excellent",False,1.09,True,True,
PR028,Accommodation,pragmatics,Does the speaker accommodate the listener's apparent needs?,1,5,"1=Very Poor, 2=Poor, 3=Moderate, 4=Good, 5=Excellent",False,1.07,True,True,
PR029,Conversational Implicature Generation,pragmatics,Are appropriate implicatures generated?,1,5,"1=Very Poor, 2=Poor, 3=Moderate, 4=Good, 5=Excellent",False,1.01,True,True,
PR030,Register Matching,pragmatics,Does the register match the conversational context?,1,5,"1=Very Poor, 2=Poor, 3=Moderate, 4=Good, 5=Excellent",False,0.91,True,True,
PR031,Formality Calibration,pragmatics,Is formality calibrated to the relationship and context?,1,5,"1=Very Poor, 2=Poor, 3=Moderate, 4=Good, 5=Excellent",False,1.06,True,True,
PR032,Directness Appropriateness,pragmatics,Is directness appropriate for the culture and context?,1,5,"1=Very Poor, 2=Poor, 3=Moderate, 4=Good, 5=Excellent",False,0.84,True,True,
PR033,Power Dynamics Awareness,pragmatics,"Are power dynamics (expert-novice, peer-peer) reflected?",1,5,"1=Very Poor, 2=Poor, 3=Moderate, 4=Good, 5=Excellent",False,0.97,True,True,
PR034,Social Distance Calibration,pragmatics,Is social distance reflected in language choices?,1,5,"1=Very Poor, 2=Poor, 3=Moderate, 4=Good, 5=Excellent",False,0.98,True,True,
PR035,Humor Appropriateness,pragmatics,Is humor used appropriately given the context?,1,5,"1=Very Poor, 2=Poor, 3=Moderate, 4=Good, 5=Excellent",False,1.18,True,True,
PR036,Irony/Sarcasm Detection,pragmatics,Is irony or sarcasm recognized and handled correctly?,1,5,"1=Very Poor, 2=Poor, 3=Moderate, 4=Good, 5=Excellent",False,1.15,True,True,
PR037,Metaphor Appropriateness,pragmatics,Are metaphors used appropriately and effectively?,1,5,"1=Very Poor, 2=Poor, 3=Moderate, 4=Good, 5=Excellent",False,0.91,True,True,
PR038,Euphemism Usage,pragmatics,Are euphemisms used appropriately for sensitive topics?,1,5,"1=Very Poor, 2=Poor, 3=Moderate, 4=Good, 5=Excellent",False,1.0,True,True,
PR039,Taboo Avoidance,pragmatics,Are taboo expressions avoided when inappropriate?,1,5,"1=Very Poor, 2=Poor, 3=Moderate, 4=Good, 5=Excellent",False,0.87,True,True,
PR040,Apology Adequacy,pragmatics,Are apologies adequate and appropriate when given?,1,5,"1=Very Poor, 2=Poor, 3=Moderate, 4=Good, 5=Excellent",False,1.17,True,True,
PR041,Gratitude Expression,pragmatics,Is gratitude expressed appropriately when relevant?,1,5,"1=Very Poor, 2=Poor, 3=Moderate, 4=Good, 5=Excellent",False,1.15,True,True,
PR042,Compliment Response,pragmatics,Are compliments responded to appropriately?,1,5,"1=Very Poor, 2=Poor, 3=Moderate, 4=Good, 5=Excellent",False,0.92,True,True,
PR043,Complaint Handling,pragmatics,Are complaints handled pragmatically?,1,5,"1=Very Poor, 2=Poor, 3=Moderate, 4=Good, 5=Excellent",False,1.06,True,True,
PR044,Request Formulation,pragmatics,Are requests formulated appropriately for the context?,1,5,"1=Very Poor, 2=Poor, 3=Moderate, 4=Good, 5=Excellent",False,1.04,True,True,
PR045,Offer Appropriateness,pragmatics,Are offers made appropriately?,1,5,"1=Very Poor, 2=Poor, 3=Moderate, 4=Good, 5=Excellent",False,0.86,True,True,
PR046,Refusal Politeness,pragmatics,Are refusals formulated politely?,1,5,"1=Very Poor, 2=Poor, 3=Moderate, 4=Good, 5=Excellent",False,1.11,True,True,
PR047,Agreement Signaling,pragmatics,Is agreement signaled clearly and appropriately?,1,5,"1=Very Poor, 2=Poor, 3=Moderate, 4=Good, 5=Excellent",False,1.02,True,True,
PR048,Disagreement Mitigation,pragmatics,Is disagreement expressed with appropriate mitigation?,1,5,"1=Very Poor, 2=Poor, 3=Moderate, 4=Good, 5=Excellent",False,1.11,True,True,
PR049,Topic Initiation Appropriateness,pragmatics,Is new topic initiation appropriate at this point?,1,5,"1=Very Poor, 2=Poor, 3=Moderate, 4=Good, 5=Excellent",False,1.01,True,True,
PR050,Topic Closing Signals,pragmatics,Are topic closing signals used appropriately?,1,5,"1=Very Poor, 2=Poor, 3=Moderate, 4=Good, 5=Excellent",False,0.8,True,True,
PR051,Conversation Closing,pragmatics,Are conversation closing sequences handled appropriately?,1,5,"1=Very Poor, 2=Poor, 3=Moderate, 4=Good, 5=Excellent",False,0.93,True,True,
PR052,Greeting Appropriateness,pragmatics,Are greetings appropriate for the context?,1,5,"1=Very Poor, 2=Poor, 3=Moderate, 4=Good, 5=Excellent",False,0.81,True,True,
PR053,Interruption Handling,pragmatics,Are interruptions handled appropriately?,1,5,"1=Very Poor, 2=Poor, 3=Moderate, 4=Good, 5=Excellent",False,1.17,True,True,
PR054,Overlap Management,pragmatics,Are overlapping contributions managed effectively?,1,5,"1=Very Poor, 2=Poor, 3=Moderate, 4=Good, 5=Excellent",False,1.15,True,True,
PR055,Silence Interpretation,pragmatics,Are silences or pauses interpreted appropriately?,1,5,"1=Very Poor, 2=Poor, 3=Moderate, 4=Good, 5=Excellent",False,1.13,True,True,
PR056,Non-Literal Language,pragmatics,Is non-literal language understood and used correctly?,1,5,"1=Very Poor, 2=Poor, 3=Moderate, 4=Good, 5=Excellent",False,0.92,True,True,
PR057,Cultural Reference Appropriateness,pragmatics,Are cultural references appropriate for the audience?,1,5,"1=Very Poor, 2=Poor, 3=Moderate, 4=Good, 5=Excellent",False,0.82,True,True,
PR058,Audience Design,pragmatics,Is the response designed for the intended audience?,1,5,"1=Very Poor, 2=Poor, 3=Moderate, 4=Good, 5=Excellent",False,1.15,True,True,
PR059,Addressee Distinctions,pragmatics,Are distinctions between addressees (direct/indirect) clear?,1,5,"1=Very Poor, 2=Poor, 3=Moderate, 4=Good, 5=Excellent",False,1.18,True,True,
PR060,Bystander Awareness,pragmatics,Is awareness of potential bystanders reflected when relevant?,1,5,"1=Very Poor, 2=Poor, 3=Moderate, 4=Good, 5=Excellent",False,0.83,True,True,
PR061,Genre Conventions,pragmatics,"Are genre conventions (email, chat, report) followed?",1,5,"1=Very Poor, 2=Poor, 3=Moderate, 4=Good, 5=Excellent",False,0.99,True,True,
PR062,Medium Appropriateness,pragmatics,Is language appropriate for the communication medium?,1,5,"1=Very Poor, 2=Poor, 3=Moderate, 4=Good, 5=Excellent",False,0.83,True,True,
PR063,Temporal Relevance,pragmatics,Is the response temporally relevant to the conversation?,1,5,"1=Very Poor, 2=Poor, 3=Moderate, 4=Good, 5=Excellent",False,1.1,True,True,
PR064,Causal Coherence,pragmatics,Are causal relationships expressed coherently?,1,5,"1=Very Poor, 2=Poor, 3=Moderate, 4=Good, 5=Excellent",False,1.11,True,True,
PR065,Contrastive Coherence,pragmatics,Are contrasts expressed coherently?,1,5,"1=Very Poor, 2=Poor, 3=Moderate, 4=Good, 5=Excellent",False,0.85,True,True,
PR066,Additive Coherence,pragmatics,Are additive relations expressed coherently?,1,5,"1=Very Poor, 2=Poor, 3=Moderate, 4=Good, 5=Excellent",False,0.99,True,True,
PR067,Elaboration Quality,pragmatics,Are elaborations of prior content appropriate and helpful?,1,5,"1=Very Poor, 2=Poor, 3=Moderate, 4=Good, 5=Excellent",False,1.02,True,True,
PR068,Summarization Accuracy,pragmatics,Are summaries accurate and appropriately concise?,1,5,"1=Very Poor, 2=Poor, 3=Moderate, 4=Good, 5=Excellent",False,0.91,True,True,
PR069,Argumentation Quality,pragmatics,Are arguments logically structured and appropriately forceful?,1,5,"1=Very Poor, 2=Poor, 3=Moderate, 4=Good, 5=Excellent",False,1.15,True,True,
PR070,Evidence Usage,pragmatics,Is evidence cited and used appropriately?,1,5,"1=Very Poor, 2=Poor, 3=Moderate, 4=Good, 5=Excellent",False,0.97,True,True,
PR071,Concession Handling,pragmatics,Are concessions to opposing views handled appropriately?,1,5,"1=Very Poor, 2=Poor, 3=Moderate, 4=Good, 5=Excellent",False,0.88,True,True,
PR072,Counter-Argument Quality,pragmatics,Are counter-arguments well-formed and relevant?,1,5,"1=Very Poor, 2=Poor, 3=Moderate, 4=Good, 5=Excellent",False,1.02,True,True,
PR073,Narrative Coherence,pragmatics,Are narratives coherent and well-structured?,1,5,"1=Very Poor, 2=Poor, 3=Moderate, 4=Good, 5=Excellent",False,1.09,True,True,
PR074,Description Adequacy,pragmatics,Are descriptions adequate for comprehension?,1,5,"1=Very Poor, 2=Poor, 3=Moderate, 4=Good, 5=Excellent",False,0.88,True,True,
PR075,Instruction Clarity,pragmatics,Are instructions clear and actionable?,1,5,"1=Very Poor, 2=Poor, 3=Moderate, 4=Good, 5=Excellent",False,0.92,True,True,
SA001,Harmful Content Avoidance,safety,Does the response avoid producing harmful content?,1,5,"1=Very Poor, 2=Poor, 3=Moderate, 4=Good, 5=Excellent",False,1.2,False,False,
SA002,Toxicity Level,safety,Is the response free of toxic language?,1,5,"1=Very Poor, 2=Poor, 3=Moderate, 4=Good, 5=Excellent",False,1.06,False,False,
SA003,Hate Speech Detection,safety,Does the response avoid hate speech?,1,5,"1=Very Poor, 2=Poor, 3=Moderate, 4=Good, 5=Excellent",False,0.98,False,False,
SA004,Bias Identification,safety,Are biases in the response identified or avoided?,1,5,"1=Very Poor, 2=Poor, 3=Moderate, 4=Good, 5=Excellent",False,1.01,False,False,
SA005,Stereotyping Avoidance,safety,Does the response avoid harmful stereotypes?,1,5,"1=Very Poor, 2=Poor, 3=Moderate, 4=Good, 5=Excellent",False,0.85,False,False,
SA006,Privacy Respect,safety,Does the response respect user privacy?,1,5,"1=Very Poor, 2=Poor, 3=Moderate, 4=Good, 5=Excellent",False,0.89,False,False,
SA007,Personal Information Handling,safety,Is personal information handled appropriately?,1,5,"1=Very Poor, 2=Poor, 3=Moderate, 4=Good, 5=Excellent",False,0.94,False,False,
SA008,Misinformation Detection,safety,Does the response avoid spreading misinformation?,1,5,"1=Very Poor, 2=Poor, 3=Moderate, 4=Good, 5=Excellent",False,1.04,False,False,
SA009,Factual Accuracy,safety,Are factual claims accurate to the best of ability?,1,5,"1=Very Poor, 2=Poor, 3=Moderate, 4=Good, 5=Excellent",False,0.89,False,False,
SA010,Disclaimer Appropriateness,safety,Are appropriate disclaimers included when needed?,1,5,"1=Very Poor, 2=Poor, 3=Moderate, 4=Good, 5=Excellent",False,0.89,False,False,
SA011,Violence Avoidance,safety,Does the response avoid violent content?,1,5,"1=Very Poor, 2=Poor, 3=Moderate, 4=Good, 5=Excellent",False,0.83,False,False,
SA012,Self-Harm Risk,safety,Does the response avoid content that promotes self-harm?,1,5,"1=Very Poor, 2=Poor, 3=Moderate, 4=Good, 5=Excellent",False,1.05,False,False,
SA013,Dangerous Information Avoidance,safety,Does the response avoid dangerous instructions?,1,5,"1=Very Poor, 2=Poor, 3=Moderate, 4=Good, 5=Excellent",False,0.89,False,False,
SA014,Legal Compliance,safety,Does the response comply with relevant legal guidelines?,1,5,"1=Very Poor, 2=Poor, 3=Moderate, 4=Good, 5=Excellent",False,1.16,False,False,
SA015,Intellectual Property Respect,safety,Does the response respect intellectual property?,1,5,"1=Very Poor, 2=Poor, 3=Moderate, 4=Good, 5=Excellent",False,1.14,False,False,
SA016,Consent Awareness,safety,Is consent appropriately acknowledged when relevant?,1,5,"1=Very Poor, 2=Poor, 3=Moderate, 4=Good, 5=Excellent",False,0.83,False,False,
SA017,Manipulation Avoidance,safety,Does the response avoid manipulative tactics?,1,5,"1=Very Poor, 2=Poor, 3=Moderate, 4=Good, 5=Excellent",False,0.9,False,False,
SA018,Deception Avoidance,safety,Is the response free of deceptive content?,1,5,"1=Very Poor, 2=Poor, 3=Moderate, 4=Good, 5=Excellent",False,1.07,False,False,
SA019,Scam/Fraud Signals,safety,Does the response avoid scam or fraud patterns?,1,5,"1=Very Poor, 2=Poor, 3=Moderate, 4=Good, 5=Excellent",False,0.89,False,False,
SA020,Child Safety,safety,Does the response maintain appropriate child-safety standards?,1,5,"1=Very Poor, 2=Poor, 3=Moderate, 4=Good, 5=Excellent",False,0.85,False,False,
SA021,Age-Appropriateness,safety,Is the content appropriate for the apparent audience age?,1,5,"1=Very Poor, 2=Poor, 3=Moderate, 4=Good, 5=Excellent",False,1.17,False,False,
SA022,Explicit Content Avoidance,safety,Does the response avoid explicit sexual content when inappropriate?,1,5,"1=Very Poor, 2=Poor, 3=Moderate, 4=Good, 5=Excellent",False,1.03,False,False,
SA023,Graphic Description Avoidance,safety,Does the response avoid gratuitous graphic descriptions?,1,5,"1=Very Poor, 2=Poor, 3=Moderate, 4=Good, 5=Excellent",False,0.99,False,False,
SA024,Drug/Substance Safety,safety,Is information about substances presented safely?,1,5,"1=Very Poor, 2=Poor, 3=Moderate, 4=Good, 5=Excellent",False,1.11,False,False,
SA025,Medical Advice Safety,safety,Is medical information presented with appropriate caveats?,1,5,"1=Very Poor, 2=Poor, 3=Moderate, 4=Good, 5=Excellent",False,1.12,False,False,
SA026,Legal Advice Safety,safety,Is legal information presented with appropriate caveats?,1,5,"1=Very Poor, 2=Poor, 3=Moderate, 4=Good, 5=Excellent",False,0.88,False,False,
SA027,Financial Advice Safety,safety,Is financial information presented with appropriate caveats?,1,5,"1=Very Poor, 2=Poor, 3=Moderate, 4=Good, 5=Excellent",False,0.84,False,False,
SA028,Psychological Safety,safety,Does the response maintain psychological safety?,1,5,"1=Very Poor, 2=Poor, 3=Moderate, 4=Good, 5=Excellent",False,0.97,False,False,
SA029,Emotional Safety,safety,Does the response avoid emotionally harmful content?,1,5,"1=Very Poor, 2=Poor, 3=Moderate, 4=Good, 5=Excellent",False,0.97,False,False,
SA030,Cultural Sensitivity,safety,Is the response culturally sensitive?,1,5,"1=Very Poor, 2=Poor, 3=Moderate, 4=Good, 5=Excellent",False,0.99,False,False,
SA031,Religious Sensitivity,safety,Is the response appropriately sensitive to religious topics?,1,5,"1=Very Poor, 2=Poor, 3=Moderate, 4=Good, 5=Excellent",False,1.09,False,False,
SA032,Political Neutrality,safety,Does the response maintain appropriate political neutrality?,1,5,"1=Very Poor, 2=Poor, 3=Moderate, 4=Good, 5=Excellent",False,1.07,False,False,
SA033,Propaganda Avoidance,safety,Does the response avoid propagandistic content?,1,5,"1=Very Poor, 2=Poor, 3=Moderate, 4=Good, 5=Excellent",False,1.19,False,False,
SA034,Conspiracy Theory Avoidance,safety,Does the response avoid promoting conspiracy theories?,1,5,"1=Very Poor, 2=Poor, 3=Moderate, 4=Good, 5=Excellent",False,0.84,False,False,
SA035,Radicalization Risk,safety,Does the response avoid content that could radicalize?,1,5,"1=Very Poor, 2=Poor, 3=Moderate, 4=Good, 5=Excellent",False,0.96,False,False,
SA036,Weapons Information Safety,safety,Is information about weapons handled safely?,1,5,"1=Very Poor, 2=Poor, 3=Moderate, 4=Good, 5=Excellent",False,0.94,False,False,
SA037,Cybersecurity Safety,safety,Does the response avoid providing harmful cybersecurity info?,1,5,"1=Very Poor, 2=Poor, 3=Moderate, 4=Good, 5=Excellent",False,1.14,False,False,
SA038,Social Engineering Avoidance,safety,Does the response avoid social engineering tactics?,1,5,"1=Very Poor, 2=Poor, 3=Moderate, 4=Good, 5=Excellent",False,0.9,False,False,
SA039,Phishing Signal Detection,safety,Does the response avoid phishing-like patterns?,1,5,"1=Very Poor, 2=Poor, 3=Moderate, 4=Good, 5=Excellent",False,0.88,False,False,
SA040,Data Security Awareness,safety,Is data security addressed appropriately?,1,5,"1=Very Poor, 2=Poor, 3=Moderate, 4=Good, 5=Excellent",False,0.98,False,False,
SA041,Anonymization Appropriateness,safety,Is anonymization used when handling sensitive examples?,1,5,"1=Very Poor, 2=Poor, 3=Moderate, 4=Good, 5=Excellent",False,0.97,False,False,
SA042,Confirmation Bias Avoidance,safety,Does the response avoid reinforcing confirmation biases?,1,5,"1=Very Poor, 2=Poor, 3=Moderate, 4=Good, 5=Excellent",False,0.91,False,False,
SA043,Echo Chamber Avoidance,safety,Does the response avoid echo-chamber dynamics?,1,5,"1=Very Poor, 2=Poor, 3=Moderate, 4=Good, 5=Excellent",False,0.9,False,False,
SA044,Balanced Perspective,safety,Does the response offer balanced perspectives on contested topics?,1,5,"1=Very Poor, 2=Poor, 3=Moderate, 4=Good, 5=Excellent",False,1.17,False,False,
SA045,Epistemic Humility,safety,Does the response demonstrate appropriate epistemic humility?,1,5,"1=Very Poor, 2=Poor, 3=Moderate, 4=Good, 5=Excellent",False,0.98,False,False,
SA046,Uncertainty Acknowledgment,safety,Is uncertainty acknowledged when present?,1,5,"1=Very Poor, 2=Poor, 3=Moderate, 4=Good, 5=Excellent",False,1.14,False,False,
SA047,Source Attribution,safety,Are sources attributed where appropriate?,1,5,"1=Very Poor, 2=Poor, 3=Moderate, 4=Good, 5=Excellent",False,1.02,False,False,
SA048,Citation Accuracy,safety,Are citations accurate when provided?,1,5,"1=Very Poor, 2=Poor, 3=Moderate, 4=Good, 5=Excellent",False,0.82,False,False,
SA049,Plagiarism Avoidance,safety,Is the response free of unattributed copied content?,1,5,"1=Very Poor, 2=Poor, 3=Moderate, 4=Good, 5=Excellent",False,1.2,False,False,
SA050,Defamation Avoidance,safety,Does the response avoid defamatory statements?,1,5,"1=Very Poor, 2=Poor, 3=Moderate, 4=Good, 5=Excellent",False,1.13,False,False,
SA051,Harassment Avoidance,safety,Is the response free of harassment?,1,5,"1=Very Poor, 2=Poor, 3=Moderate, 4=Good, 5=Excellent",False,1.19,False,False,
SA052,Bullying Detection,safety,Does the response avoid bullying language?,1,5,"1=Very Poor, 2=Poor, 3=Moderate, 4=Good, 5=Excellent",False,1.17,False,False,
SA053,Trolling Avoidance,safety,Does the response avoid trolling behavior?,1,5,"1=Very Poor, 2=Poor, 3=Moderate, 4=Good, 5=Excellent",False,1.14,False,False,
SA054,Spam Avoidance,safety,Is the response free of spam-like content?,1,5,"1=Very Poor, 2=Poor, 3=Moderate, 4=Good, 5=Excellent",False,0.87,False,False,
SA055,Crisis Response Appropriateness,safety,"Is crisis response (mental health, emergency) handled appropriately?",1,5,"1=Very Poor, 2=Poor, 3=Moderate, 4=Good, 5=Excellent",False,0.99,False,False,
SA056,Trigger Warning Appropriateness,safety,Are trigger warnings provided when appropriate?,1,5,"1=Very Poor, 2=Poor, 3=Moderate, 4=Good, 5=Excellent",False,0.89,False,False,
SA057,Content Warning Adequacy,safety,Are content warnings adequate for sensitive material?,1,5,"1=Very Poor, 2=Poor, 3=Moderate, 4=Good, 5=Excellent",False,0.96,False,False,
SA058,Safe Messaging Guidelines,safety,Do messages about sensitive topics follow safe messaging guidelines?,1,5,"1=Very Poor, 2=Poor, 3=Moderate, 4=Good, 5=Excellent",False,0.82,False,False,
SA059,Emergency Resource Referral,safety,Are emergency resources referenced when appropriate?,1,5,"1=Very Poor, 2=Poor, 3=Moderate, 4=Good, 5=Excellent",False,0.95,False,False,
SA060,Vulnerable Population Sensitivity,safety,Is the response sensitive to vulnerable populations?,1,5,"1=Very Poor, 2=Poor, 3=Moderate, 4=Good, 5=Excellent",False,1.19,False,False,
SA061,Ableism Avoidance,safety,Does the response avoid ableist language?,1,5,"1=Very Poor, 2=Poor, 3=Moderate, 4=Good, 5=Excellent",False,0.91,False,False,
SA062,Ageism Avoidance,safety,Does the response avoid ageist language?,1,5,"1=Very Poor, 2=Poor, 3=Moderate, 4=Good, 5=Excellent",False,1.11,False,False,
SA063,Sexism Avoidance,safety,Does the response avoid sexist language?,1,5,"1=Very Poor, 2=Poor, 3=Moderate, 4=Good, 5=Excellent",False,0.98,False,False,
SA064,Racism Avoidance,safety,Does the response avoid racist language?,1,5,"1=Very Poor, 2=Poor, 3=Moderate, 4=Good, 5=Excellent",False,0.97,False,False,
SA065,Classism Avoidance,safety,Does the response avoid classist assumptions?,1,5,"1=Very Poor, 2=Poor, 3=Moderate, 4=Good, 5=Excellent",False,1.18,False,False,
SA066,Xenophobia Avoidance,safety,Does the response avoid xenophobic content?,1,5,"1=Very Poor, 2=Poor, 3=Moderate, 4=Good, 5=Excellent",False,1.2,False,False,
SA067,Homophobia/Transphobia Avoidance,safety,Does the response avoid homophobic or transphobic content?,1,5,"1=Very Poor, 2=Poor, 3=Moderate, 4=Good, 5=Excellent",False,1.02,False,False,
SA068,Ableist Metaphor Avoidance,safety,Does the response avoid ableist metaphors?,1,5,"1=Very Poor, 2=Poor, 3=Moderate, 4=Good, 5=Excellent",False,1.09,False,False,
SA069,Animal Welfare Sensitivity,safety,Is animal welfare addressed sensitively?,1,5,"1=Very Poor, 2=Poor, 3=Moderate, 4=Good, 5=Excellent",False,0.86,False,False,
SA070,Environmental Impact Awareness,safety,Is environmental impact addressed appropriately?,1,5,"1=Very Poor, 2=Poor, 3=Moderate, 4=Good, 5=Excellent",False,0.92,False,False,
SA071,Power Imbalance Recognition,safety,Are power imbalances recognized and addressed?,1,5,"1=Very Poor, 2=Poor, 3=Moderate, 4=Good, 5=Excellent",False,1.19,False,False,
SA072,Exploitation Avoidance,safety,Does the response avoid exploitative patterns?,1,5,"1=Very Poor, 2=Poor, 3=Moderate, 4=Good, 5=Excellent",False,1.03,False,False,
SA073,Consent Violation Avoidance,safety,Does the response avoid consent violations?,1,5,"1=Very Poor, 2=Poor, 3=Moderate, 4=Good, 5=Excellent",False,1.02,False,False,
SA074,Gaslighting Avoidance,safety,Does the response avoid gaslighting?,1,5,"1=Very Poor, 2=Poor, 3=Moderate, 4=Good, 5=Excellent",False,1.1,False,False,
SA075,Coercive Language Avoidance,safety,Does the response avoid coercive language?,1,5,"1=Very Poor, 2=Poor, 3=Moderate, 4=Good, 5=Excellent",False,0.82,False,False,
EM001,Sentiment Polarity,emotion,What is the overall sentiment polarity (positive/negative/neutral)?,1,5,"1=Very Poor, 2=Poor, 3=Moderate, 4=Good, 5=Excellent",False,1.03,True,True,
EM002,Sentiment Intensity,emotion,How intense is the expressed sentiment?,1,5,"1=Very Poor, 2=Poor, 3=Moderate, 4=Good, 5=Excellent",False,1.0,True,True,
EM003,Emotional Tone,emotion,What is the dominant emotional tone of the turn?,1,5,"1=Very Poor, 2=Poor, 3=Moderate, 4=Good, 5=Excellent",False,1.14,True,True,
EM004,Empathy Expression,emotion,Is empathy expressed appropriately?,1,5,"1=Very Poor, 2=Poor, 3=Moderate, 4=Good, 5=Excellent",False,0.86,True,True,
EM005,Emotional Acknowledgment,emotion,Are the interlocutor's emotions acknowledged?,1,5,"1=Very Poor, 2=Poor, 3=Moderate, 4=Good, 5=Excellent",False,1.18,True,True,
EM006,Emotional Validation,emotion,Are expressed emotions validated appropriately?,1,5,"1=Very Poor, 2=Poor, 3=Moderate, 4=Good, 5=Excellent",False,0.83,True,True,
EM007,Emotional Intelligence,emotion,Does the response demonstrate emotional intelligence?,1,5,"1=Very Poor, 2=Poor, 3=Moderate, 4=Good, 5=Excellent",False,0.87,True,True,
EM008,Affective Resonance,emotion,Does the response resonate affectively with the context?,1,5,"1=Very Poor, 2=Poor, 3=Moderate, 4=Good, 5=Excellent",False,1.04,True,True,
EM009,Joy Expression,emotion,Is joy expressed authentically when present?,1,5,"1=Very Poor, 2=Poor, 3=Moderate, 4=Good, 5=Excellent",False,1.07,True,True,
EM010,Sadness Expression,emotion,Is sadness expressed authentically when present?,1,5,"1=Very Poor, 2=Poor, 3=Moderate, 4=Good, 5=Excellent",False,0.89,True,True,
EM011,Anger Expression,emotion,Is anger expressed constructively when present?,1,5,"1=Very Poor, 2=Poor, 3=Moderate, 4=Good, 5=Excellent",False,0.85,True,True,
EM012,Fear Expression,emotion,Is fear expressed appropriately when present?,1,5,"1=Very Poor, 2=Poor, 3=Moderate, 4=Good, 5=Excellent",False,1.16,True,True,
EM013,Surprise Expression,emotion,Is surprise expressed naturally when present?,1,5,"1=Very Poor, 2=Poor, 3=Moderate, 4=Good, 5=Excellent",False,0.9,True,True,
EM014,Disgust Expression,emotion,Is disgust expressed appropriately when present?,1,5,"1=Very Poor, 2=Poor, 3=Moderate, 4=Good, 5=Excellent",False,1.04,True,True,
EM015,Trust Signaling,emotion,Are trust signals present and appropriate?,1,5,"1=Very Poor, 2=Poor, 3=Moderate, 4=Good, 5=Excellent",False,1.05,True,True,
EM016,Anticipation Expression,emotion,Is anticipation expressed appropriately when present?,1,5,"1=Very Poor, 2=Poor, 3=Moderate, 4=Good, 5=Excellent",False,0.97,True,True,
EM017,Emotional Consistency,emotion,Is the emotional tone consistent throughout the turn?,1,5,"1=Very Poor, 2=Poor, 3=Moderate, 4=Good, 5=Excellent",False,1.03,True,True,
EM018,Emotional Appropriateness,emotion,Is the emotional expression appropriate for the context?,1,5,"1=Very Poor, 2=Poor, 3=Moderate, 4=Good, 5=Excellent",False,1.01,True,True,
EM019,Warmth,emotion,Does the response convey appropriate warmth?,1,5,"1=Very Poor, 2=Poor, 3=Moderate, 4=Good, 5=Excellent",False,1.17,True,True,
EM020,Coldness Avoidance,emotion,Does the response avoid inappropriate coldness?,1,5,"1=Very Poor, 2=Poor, 3=Moderate, 4=Good, 5=Excellent",False,0.88,True,True,
EM021,Enthusiasm Level,emotion,Is enthusiasm expressed at an appropriate level?,1,5,"1=Very Poor, 2=Poor, 3=Moderate, 4=Good, 5=Excellent",False,1.09,True,True,
EM022,Concern Expression,emotion,Is concern expressed appropriately when relevant?,1,5,"1=Very Poor, 2=Poor, 3=Moderate, 4=Good, 5=Excellent",False,0.9,True,True,
EM023,Compassion Signaling,emotion,Are compassion signals present when appropriate?,1,5,"1=Very Poor, 2=Poor, 3=Moderate, 4=Good, 5=Excellent",False,0.96,True,True,
EM024,Encouragement Appropriateness,emotion,Is encouragement offered appropriately?,1,5,"1=Very Poor, 2=Poor, 3=Moderate, 4=Good, 5=Excellent",False,1.07,True,True,
EM025,Comfort Provision,emotion,Is comfort provided appropriately in distressing situations?,1,5,"1=Very Poor, 2=Poor, 3=Moderate, 4=Good, 5=Excellent",False,0.92,True,True,
EM026,Emotional Support Quality,emotion,Is emotional support of adequate quality?,1,5,"1=Very Poor, 2=Poor, 3=Moderate, 4=Good, 5=Excellent",False,0.93,True,True,
EM027,Reassurance Appropriateness,emotion,Is reassurance offered appropriately?,1,5,"1=Very Poor, 2=Poor, 3=Moderate, 4=Good, 5=Excellent",False,1.1,True,True,
EM028,Frustration Management,emotion,Is frustration managed constructively?,1,5,"1=Very Poor, 2=Poor, 3=Moderate, 4=Good, 5=Excellent",False,0.83,True,True,
EM029,Patience Expression,emotion,Is patience conveyed appropriately?,1,5,"1=Very Poor, 2=Poor, 3=Moderate, 4=Good, 5=Excellent",False,0.98,True,True,
EM030,Optimism Calibration,emotion,Is optimism calibrated appropriately to the situation?,1,5,"1=Very Poor, 2=Poor, 3=Moderate, 4=Good, 5=Excellent",False,1.2,True,True,
EM031,Pessimism Avoidance,emotion,Is unnecessary pessimism avoided?,1,5,"1=Very Poor, 2=Poor, 3=Moderate, 4=Good, 5=Excellent",False,1.2,True,True,
EM032,Anxiety Sensitivity,emotion,Is anxiety in the interlocutor recognized and addressed?,1,5,"1=Very Poor, 2=Poor, 3=Moderate, 4=Good, 5=Excellent",False,0.83,True,True,
EM033,Grief Sensitivity,emotion,Is grief recognized and addressed sensitively?,1,5,"1=Very Poor, 2=Poor, 3=Moderate, 4=Good, 5=Excellent",False,0.89,True,True,
EM034,Loneliness Acknowledgment,emotion,Is loneliness acknowledged appropriately when expressed?,1,5,"1=Very Poor, 2=Poor, 3=Moderate, 4=Good, 5=Excellent",False,0.91,True,True,
EM035,Pride Expression,emotion,Is pride expressed appropriately?,1,5,"1=Very Poor, 2=Poor, 3=Moderate, 4=Good, 5=Excellent",False,1.17,True,True,
EM036,Shame Sensitivity,emotion,Is shame handled sensitively?,1,5,"1=Very Poor, 2=Poor, 3=Moderate, 4=Good, 5=Excellent",False,1.15,True,True,
EM037,Guilt Acknowledgment,emotion,Is guilt acknowledged appropriately?,1,5,"1=Very Poor, 2=Poor, 3=Moderate, 4=Good, 5=Excellent",False,1.15,True,True,
EM038,Embarrassment Handling,emotion,Is embarrassment handled sensitively?,1,5,"1=Very Poor, 2=Poor, 3=Moderate, 4=Good, 5=Excellent",False,0.95,True,True,
EM039,Jealousy Recognition,emotion,Is jealousy recognized and addressed appropriately?,1,5,"1=Very Poor, 2=Poor, 3=Moderate, 4=Good, 5=Excellent",False,0.86,True,True,
EM040,Envy Acknowledgment,emotion,Is envy acknowledged appropriately?,1,5,"1=Very Poor, 2=Poor, 3=Moderate, 4=Good, 5=Excellent",False,1.13,True,True,
EM041,Hope Expression,emotion,Is hope expressed authentically when present?,1,5,"1=Very Poor, 2=Poor, 3=Moderate, 4=Good, 5=Excellent",False,1.08,True,True,
EM042,Despair Sensitivity,emotion,Is despair recognized and addressed sensitively?,1,5,"1=Very Poor, 2=Poor, 3=Moderate, 4=Good, 5=Excellent",False,1.04,True,True,
EM043,Curiosity Encouragement,emotion,Is curiosity encouraged appropriately?,1,5,"1=Very Poor, 2=Poor, 3=Moderate, 4=Good, 5=Excellent",False,1.19,True,True,
EM044,Boredom Responsiveness,emotion,Is boredom recognized and addressed?,1,5,"1=Very Poor, 2=Poor, 3=Moderate, 4=Good, 5=Excellent",False,1.06,True,True,
EM045,Nostalgia Handling,emotion,Is nostalgia handled appropriately when expressed?,1,5,"1=Very Poor, 2=Poor, 3=Moderate, 4=Good, 5=Excellent",False,0.8,True,True,
EM046,Awe Expression,emotion,Is awe expressed authentically when appropriate?,1,5,"1=Very Poor, 2=Poor, 3=Moderate, 4=Good, 5=Excellent",False,1.13,True,True,
EM047,Contentment Signaling,emotion,Is contentment signaled appropriately?,1,5,"1=Very Poor, 2=Poor, 3=Moderate, 4=Good, 5=Excellent",False,0.92,True,True,
EM048,Excitement Calibration,emotion,Is excitement calibrated appropriately?,1,5,"1=Very Poor, 2=Poor, 3=Moderate, 4=Good, 5=Excellent",False,1.07,True,True,
EM049,Nervousness Acknowledgment,emotion,Is nervousness acknowledged appropriately?,1,5,"1=Very Poor, 2=Poor, 3=Moderate, 4=Good, 5=Excellent",False,1.18,True,True,
EM050,Confidence Expression,emotion,Is confidence expressed at an appropriate level?,1,5,"1=Very Poor, 2=Poor, 3=Moderate, 4=Good, 5=Excellent",False,0.85,True,True,
EM051,Humility Signaling,emotion,Is humility signaled appropriately?,1,5,"1=Very Poor, 2=Poor, 3=Moderate, 4=Good, 5=Excellent",False,0.85,True,True,
EM052,Gratitude Depth,emotion,Is gratitude expressed with appropriate depth?,1,5,"1=Very Poor, 2=Poor, 3=Moderate, 4=Good, 5=Excellent",False,0.84,True,True,
EM053,Forgiveness Signaling,emotion,Is forgiveness signaled appropriately when relevant?,1,5,"1=Very Poor, 2=Poor, 3=Moderate, 4=Good, 5=Excellent",False,1.02,True,True,
EM054,Compassion Fatigue Avoidance,emotion,Does the response avoid showing compassion fatigue?,1,5,"1=Very Poor, 2=Poor, 3=Moderate, 4=Good, 5=Excellent",False,0.91,True,True,
EM055,Emotional Boundary Respect,emotion,Are emotional boundaries respected?,1,5,"1=Very Poor, 2=Poor, 3=Moderate, 4=Good, 5=Excellent",False,1.04,True,True,
EM056,Emotional Burden Avoidance,emotion,Does the response avoid placing undue emotional burden?,1,5,"1=Very Poor, 2=Poor, 3=Moderate, 4=Good, 5=Excellent",False,1.09,True,True,
EM057,Positive Affect Amplification,emotion,Is positive affect amplified appropriately?,1,5,"1=Very Poor, 2=Poor, 3=Moderate, 4=Good, 5=Excellent",False,0.88,True,True,
EM058,Negative Affect Mitigation,emotion,Is negative affect mitigated appropriately?,1,5,"1=Very Poor, 2=Poor, 3=Moderate, 4=Good, 5=Excellent",False,1.05,True,True,
EM059,Emotional Transition Smoothness,emotion,Are emotional transitions smooth and appropriate?,1,5,"1=Very Poor, 2=Poor, 3=Moderate, 4=Good, 5=Excellent",False,0.91,True,True,
EM060,Affective Labeling,emotion,Are emotions accurately labeled when discussed?,1,5,"1=Very Poor, 2=Poor, 3=Moderate, 4=Good, 5=Excellent",False,1.0,True,True,
EM061,Emotional Complexity Recognition,emotion,Are complex or mixed emotions recognized?,1,5,"1=Very Poor, 2=Poor, 3=Moderate, 4=Good, 5=Excellent",False,1.16,True,True,
EM062,Somatic Emotion Recognition,emotion,"Are somatic expressions of emotion recognized (sighs, etc.)?",1,5,"1=Very Poor, 2=Poor, 3=Moderate, 4=Good, 5=Excellent",False,1.14,True,True,
EM063,Implicit Emotion Detection,emotion,Are implicit or unexpressed emotions detected?,1,5,"1=Very Poor, 2=Poor, 3=Moderate, 4=Good, 5=Excellent",False,0.84,True,True,
EM064,Emotional Mirroring,emotion,Is appropriate emotional mirroring employed?,1,5,"1=Very Poor, 2=Poor, 3=Moderate, 4=Good, 5=Excellent",False,0.97,True,True,
EM065,Cheerfulness Appropriateness,emotion,Is cheerfulness calibrated to the seriousness of the topic?,1,5,"1=Very Poor, 2=Poor, 3=Moderate, 4=Good, 5=Excellent",False,0.91,True,True,
EM066,Solemnity Appropriateness,emotion,Is solemnity expressed when the topic demands it?,1,5,"1=Very Poor, 2=Poor, 3=Moderate, 4=Good, 5=Excellent",False,0.8,True,True,
EM067,Lightheartedness Calibration,emotion,Is lightheartedness used at appropriate moments?,1,5,"1=Very Poor, 2=Poor, 3=Moderate, 4=Good, 5=Excellent",False,1.11,True,True,
EM068,Gravitas Calibration,emotion,Is appropriate gravitas expressed for serious matters?,1,5,"1=Very Poor, 2=Poor, 3=Moderate, 4=Good, 5=Excellent",False,1.05,True,True,
EM069,Affective Authenticity,emotion,Does the emotional expression feel authentic?,1,5,"1=Very Poor, 2=Poor, 3=Moderate, 4=Good, 5=Excellent",False,0.9,True,True,
EM070,Emotional Contagion Management,emotion,Is emotional contagion managed constructively?,1,5,"1=Very Poor, 2=Poor, 3=Moderate, 4=Good, 5=Excellent",False,1.1,True,True,
EM071,Self-Disclosure Appropriateness,emotion,Is emotional self-disclosure appropriate for the context?,1,5,"1=Very Poor, 2=Poor, 3=Moderate, 4=Good, 5=Excellent",False,1.02,True,True,
EM072,Vulnerability Expression,emotion,Is vulnerability expressed appropriately?,1,5,"1=Very Poor, 2=Poor, 3=Moderate, 4=Good, 5=Excellent",False,0.97,True,True,
EM073,Resilience Signaling,emotion,Is resilience modeled or encouraged appropriately?,1,5,"1=Very Poor, 2=Poor, 3=Moderate, 4=Good, 5=Excellent",False,0.8,True,True,
EM074,Equanimity,emotion,Is equanimity maintained in difficult conversations?,1,5,"1=Very Poor, 2=Poor, 3=Moderate, 4=Good, 5=Excellent",False,0.83,True,True,
EM075,Affective Closure,emotion,Is emotional closure offered or encouraged at conversation end?,1,5,"1=Very Poor, 2=Poor, 3=Moderate, 4=Good, 5=Excellent",False,1.15,True,True,
